card,unit,section,id,welsh,english,image,audio,example,tags,phonetic,word_breakdown,usage_note,pattern_examples,pattern_examples_en
Welsh,A1,1,A1-1-1,Helô,Hello,media/image/Helô.png,media/audio/Helô.m4a,Helô!,greeting,heh-LOH,Helô = hello,Standard informal or friendly greeting in Welsh.,Helô / Helo / Hylô,Hello / Hi / Hey
Welsh,A1,1,A1-1-2,Hwyl,Goodbye,media/image/Hwyl.png,media/audio/Hwyl.m4a,Hwyl am y tro.,greeting,HOO-eel,Hwyl = goodbye / fun,Common informal way to say goodbye; also means 'fun'. Context decides meaning.,Hwyl / Hwyl fawr,Goodbye / Bye for now
Welsh,A1,1,A1-1-3,Bore da,Good morning,media/image/Bore da.png,media/audio/Bore da.m4a,Bore da!,greeting,BOR-eh dah,"Bore = morning, da = good",Used as a greeting in the morning; works in both formal and informal situations.,Bore da / Prynhawn da / Noswaith dda,Good morning / Good afternoon / Good evening
Welsh,A1,1,A1-1-4,Prynhawn da,Good afternoon,media/image/Prynhawn da.png,media/audio/Prynhawn da.m4a,Prynhawn da!,greeting,PRUH-nown dah,"Prynhawn = afternoon, da = good",Used in the afternoon as a greeting; formal and informal.,Prynhawn da / Bore da / Noswaith dda,Good afternoon / Good morning / Good evening
Welsh,A1,1,A1-1-5,Noswaith dda,Good evening,media/image/Noswaith dda.png,media/audio/Noswaith dda.m4a,Noswaith dda!,greeting,NOS-wythe thah,"Noswaith = evening, dda = good (soft mutation of 'da')",Used in the evening as a greeting; note the mutation from 'da' to 'dda'.,Noswaith dda / Bore da / Nos da,Good evening / Good morning / Good night
Welsh,A1,1,A1-1-6,Nos da,Good night,media/image/Nos da.png,media/audio/Nos da.m4a,Nos da!,greeting,NOS dah,"Nos = night, da = good",Used when saying good night or before going to sleep.,Nos da / Noswaith dda / Bore da,Good night / Good evening / Good morning
Welsh,A1,1,A1-1-7,Siôn dw i.,I am Siôn.,media/image/Siôn dw i..png,media/audio/Siôn dw i..m4a,Siôn dw i.,introduction,SHOAN doo ee,"Siôn = Siôn (name), dw i = I am",Used to introduce yourself; replace 'Siôn' with your own name.,Siôn dw i. / Mari dw i.,I am Siôn / I am Mari
Welsh,A1,1,A1-1-8,Pwy dych chi?,Who are you? (formal/plural),media/image/Pwy dych chi?.png,media/audio/Pwy dych chi?.m4a,Pwy dych chi?,conversation,PWEE duhkh chee,"Pwy = who, dych = are, chi = you (formal/plural)",Formal or polite way to ask someone's identity.,Pwy dych chi? / Pwy wyt ti?,Who are you? (formal) / Who are you? (informal)
Welsh,A1,1,A1-1-9,Pwy wyt ti?,Who are you? (informal),media/image/Pwy wyt ti?.png,media/audio/Pwy wyt ti?.m4a,Pwy wyt ti?,conversation,PWEE oo-eet tee,"Pwy = who, wyt = are, ti = you (informal)",Informal way to ask someone's identity.,Pwy wyt ti? / Pwy dych chi?,Who are you? (informal) / Who are you? (formal)
Welsh,A1,1,A1-1-10,Sut dych chi?,How are you? (formal/plural),media/image/Sut dych chi?.png,media/audio/Sut dych chi?.m4a,Sut dych chi?,conversation,SIT duhkh chee,"Sut = how, dych = are, chi = you (formal/plural)",Formal or polite way to ask how someone is.,Sut dych chi? / Sut wyt ti?,How are you? (formal) / How are you? (informal)
Welsh,A1,1,A1-1-11,Sut wyt ti?,How are you? (informal),media/image/Sut wyt ti?.png,media/audio/Sut wyt ti?.m4a,Sut wyt ti?,conversation,SIT oo-eet tee,"Sut = how, wyt = are, ti = you (informal)",Informal way to ask how someone is.,Sut wyt ti? / Sut dych chi?,How are you? (informal) / How are you? (formal)
Welsh,A1,1,A1-1-12,Ble dych chi’n byw?,Where do you live? (formal/plural),media/image/Ble dych chi’n byw?.png,media/audio/Ble dych chi’n byw?.m4a,Ble dych chi’n byw?,conversation,BLAY duhkh cheen bih-oo,"Ble = where, dych = are, chi’n = you (are), byw = live",Formal or polite way to ask where someone lives.,Ble dych chi’n byw? / Ble rwyt ti’n byw?,Where do you live? (formal) / Where do you live? (informal)
Welsh,A1,1,A1-1-13,Ble rwyt ti’n byw?,Where do you live? (informal),media/image/Ble rwyt ti’n byw?.png,media/audio/Ble rwyt ti’n byw?.m4a,Ble rwyt ti’n byw?,conversation,BLAY roo-eet teen bih-oo,"Ble = where, rwyt = are, ti’n = you (are), byw = live",Informal way to ask where someone lives.,Ble rwyt ti’n byw? / Ble dych chi’n byw?,Where do you live? (informal) / Where do you live? (formal)
Welsh,A1,1,A1-1-14,Dw i’n byw yn Abertawe.,I live in Swansea.,media/image/Dw i’n byw yn Abertawe..png,media/audio/Dw i’n byw yn Abertawe..m4a,Dw i’n byw yn Abertawe.,statement,DOO een bih-oo un AH-ber-tah-weh,"Dw i’n = I am, byw = live, yn = in, Abertawe = Swansea",Used to state where you live; Abertawe is the Welsh name for Swansea.,Dw i’n byw yn Abertawe. / Dw i’n byw yn Llanelli.,I live in Swansea / I live in Llanelli
Welsh,A1,1,A1-1-15,Dw i’n byw yn Llanelli.,I live in Llanelli.,media/image/Dw i’n byw yn Llanelli..png,media/audio/Dw i’n byw yn Llanelli..m4a,Dw i’n byw yn Llanelli.,statement,DOO een bih-oo un Hlan-eth-lee,"Dw i’n = I am, byw = live, yn = in, Llanelli = Llanelli",Used to state where you live; Llanelli is a town in South Wales.,Dw i’n byw yn Llanelli. / Dw i’n byw yn Abertawe.,I live in Llanelli / I live in Swansea
Welsh,A1,1,A1-1-16,Dw i’n gyrru Hyundai.,I drive a Hyundai.,media/image/Dw i’n gyrru Hyundai..png,media/audio/Dw i’n gyrru Hyundai..m4a,Dw i’n gyrru Hyundai.,statement,DOO een GUR-ee HUN-dye,"Dw i’n = I am, gyrru = driving, Hyundai = Hyundai (car brand)",Used to say what car you drive.,Dw i’n gyrru Hyundai. / Dw i’n gyrru Fiesta.,I drive a Hyundai / I drive a Fiesta
Welsh,A1,1,A1-1-17,Dw i’n gwylio Netflix.,I am watching Netflix.,media/image/Dw i’n gwylio Netflix..png,media/audio/Dw i’n gwylio Netflix..m4a,Dw i’n gwylio Netflix.,statement,DOO een GWILL-yoh NET-flix,"Dw i’n = I am, gwylio = watching, Netflix = Netflix",Used to say what you are watching.,Dw i’n gwylio Netflix. / Dw i’n gwylio Strictly.,I am watching Netflix / I am watching Strictly
Welsh,A1,1,A1-1-18,Dw i’n darllen y Telegraph.,I am reading the Telegraph.,media/image/Dw i’n darllen y Telegraph..png,media/audio/Dw i’n darllen y Telegraph..m4a,Dw i’n darllen y Telegraph.,statement,DOO een DAR-llen uh TEH-luh-graf,"Dw i’n = I am, darllen = reading, y = the, Telegraph = Telegraph",Used to say what you are reading.,Dw i’n darllen y Telegraph. / Dw i’n darllen y Western Mail.,I am reading the Telegraph / I am reading the Western Mail
Welsh,A1,1,A1-1-19,Dw i’n dysgu Cymraeg.,I am learning Welsh.,media/image/Dw i’n dysgu Cymraeg..png,media/audio/Dw i’n dysgu Cymraeg..m4a,Dw i’n dysgu Cymraeg.,statement,DOO een DUS-gee kum-RYEg,"Dw i’n = I am, dysgu = learning, Cymraeg = Welsh",Used to say you are learning the Welsh language.,Dw i’n dysgu Cymraeg. / Dw i’n dysgu ychydig.,I am learning Welsh / I am learning a little
Welsh,A1,1,A1-1-20,Dw i’n hoffi coffi.,I like coffee.,media/image/Dw i’n hoffi coffi..png,media/audio/Dw i’n hoffi coffi..m4a,Dw i’n hoffi coffi.,statement,DOO een HOFF-ee KOFF-ee,"Dw i’n = I am, hoffi = like, coffi = coffee",Used to say you like coffee.,Dw i’n hoffi coffi. / Dw i’n hoffi te.,I like coffee / I like tea
Welsh,A1,1,A1-1-21,Dw i ddim yn hoffi te.,I do not like tea.,media/image/Dw i ddim yn hoffi te..png,media/audio/Dw i ddim yn hoffi te..m4a,Dw i ddim yn hoffi te.,statement,DOO ee thim un HOFF-ee teh,"Dw i ddim = I am not, yn = (linking particle), hoffi = like, te = tea",Used to say you do not like tea.,Dw i ddim yn hoffi te. / Dw i ddim yn hoffi coffi.,I do not like tea / I do not like coffee
Welsh,A1,1,A1-1-22,Wyt ti’n hoffi coffi?,Do you like coffee? (informal),media/image/Wyt ti’n hoffi coffi?.png,media/audio/Wyt ti’n hoffi coffi?.m4a,Wyt ti’n hoffi coffi?,question,OO-eet teen HOFF-ee KOFF-ee,"Wyt = are (you), ti’n = you (are), hoffi = like, coffi = coffee",Informal way to ask if someone likes coffee.,Wyt ti’n hoffi coffi? / Wyt ti’n hoffi te?,Do you like coffee? / Do you like tea?
Welsh,A1,1,A1-1-23,"Ydw, dw i’n hoffi coffi.","Yes, I like coffee.","media/image/Ydw, dw i’n hoffi coffi..png","media/audio/Ydw, dw i’n hoffi coffi..m4a","Ydw, dw i’n hoffi coffi.",response,"UHD-oo, DOO een HOFF-ee KOFF-ee","Ydw = yes (I do), dw i’n = I am, hoffi = like, coffi = coffee",Affirmative answer to a question about liking coffee.,"Ydw, dw i’n hoffi coffi. / Ydw, dw i’n hoffi te.","Yes, I like coffee / Yes, I like tea"
Welsh,A1,1,A1-1-24,"Nac ydw, dw i ddim yn hoffi coffi.","No, I do not like coffee.","media/image/Nac ydw, dw i ddim yn hoffi coffi..png","media/audio/Nac ydw, dw i ddim yn hoffi coffi..m4a","Nac ydw, dw i ddim yn hoffi coffi.",response,"NAHK UHD-oo, DOO ee thim un HOFF-ee KOFF-ee","Nac ydw = no (I do not), dw i ddim = I am not, yn = (linking particle), hoffi = like, coffi = coffee",Negative answer to a question about liking coffee.,"Nac ydw, dw i ddim yn hoffi coffi. / Nac ydw, dw i ddim yn hoffi te.","No, I do not like coffee / No, I do not like tea"
Welsh,A1,1,A1-1-25,’Dyn ni’n hoffi’r rhaglen.,We like the programme.,media/image/’Dyn ni’n hoffi’r rhaglen..png,media/audio/’Dyn ni’n hoffi’r rhaglen..m4a,’Dyn ni’n hoffi’r rhaglen.,statement,DUHN nee un HOFF-ee’r HRAG-len,"’Dyn ni’n = we are, hoffi’r = like the, rhaglen = programme",Used to say you like a particular programme.,’Dyn ni’n hoffi’r rhaglen. / ’Dyn ni’n hoffi’r dosbarth.,We like the programme / We like the class
Welsh,A1,1,A1-1-26,Dych chi’n hoffi’r dosbarth?,Do you like the class? (formal/plural),media/image/Dych chi’n hoffi’r dosbarth?.png,media/audio/Dych chi’n hoffi’r dosbarth?.m4a,Dych chi’n hoffi’r dosbarth?,question,DUKH kheen HOFF-ee’r DOS-barth,"Dych chi’n = you are (formal/plural), hoffi’r = like the, dosbarth = class",Formal or polite way to ask if someone likes the class.,Dych chi’n hoffi’r dosbarth? / Wyt ti’n hoffi’r dosbarth?,Do you like the class? (formal) / Do you like the class? (informal)
Welsh,A1,1,A1-1-27,"Ydyn, maen nhw’n dda.","Yes, they are good.","media/image/Ydyn, maen nhw’n dda..png","media/audio/Ydyn, maen nhw’n dda..m4a","Ydyn, maen nhw’n dda.",response,"UD-in, MINE nhw’n thah","Ydyn = yes (they are), maen nhw’n = they are, dda = good (soft mutation of da)",Affirmative answer about the quality of something.,"Ydyn, maen nhw’n dda. / Ydyn, maen nhw’n wych.","Yes, they are good / Yes, they are great"
Welsh,A1,1,A1-1-28,"Nac ydyn, ’dyn nhw ddim yn dda.","No, they are not good.","media/image/Nac ydyn, ’dyn nhw ddim yn dda..png","media/audio/Nac ydyn, ’dyn nhw ddim yn dda..m4a","Nac ydyn, ’dyn nhw ddim yn dda.",response,"NAHK UD-in, ’din nhw thim un thah","Nac ydyn = no (they are not), ’dyn nhw ddim = they are not, yn dda = good",Negative answer about the quality of something.,"Nac ydyn, ’dyn nhw ddim yn dda. / Nac ydyn, ’dyn nhw ddim yn wych.","No, they are not good / No, they are not great"
Welsh,A1,1,A1-1-29,Dw i eisiau paned.,I want a cup of tea.,media/image/Dw i eisiau paned..png,media/audio/Dw i eisiau paned..m4a,Dw i eisiau paned.,statement,DOO ee AIS-yay PAN-ed,"Dw i = I am, eisiau = want, paned = a cup (usually of tea)",Common way to say you want a cup of tea in Welsh.,Dw i eisiau paned. / Dw i eisiau coffi.,I want a cup of tea / I want coffee
Welsh,A1,1,A1-1-30,Wyt ti eisiau paned?,Do you want a cup of tea? (informal),media/image/Wyt ti eisiau paned?.png,media/audio/Wyt ti eisiau paned?.m4a,Wyt ti eisiau paned?,question,OO-eet tee AIS-yay PAN-ed,"Wyt ti = are you, eisiau = want, paned = cup (usually tea)",Informal way to ask if someone wants a cup of tea.,Wyt ti eisiau paned? / Wyt ti eisiau coffi?,Do you want a cup of tea? / Do you want coffee?
Welsh,A1,1,A1-1-31,Mae Aled eisiau coffi.,Aled wants coffee.,media/image/Mae Aled eisiau coffi..png,media/audio/Mae Aled eisiau coffi..m4a,Mae Aled eisiau coffi.,statement,MYE AH-led AIS-yay KOFF-ee,"Mae = is, Aled = Aled (name), eisiau = wants, coffi = coffee",Used to say that Aled wants coffee.,Mae Aled eisiau coffi. / Mae Aled eisiau te.,Aled wants coffee / Aled wants tea
Welsh,A1,1,A1-1-32,Beth wnest ti ddoe?,What did you do yesterday? (informal),media/image/Beth wnest ti ddoe?.png,media/audio/Beth wnest ti ddoe?.m4a,Beth wnest ti ddoe?,question,BETH unest tee THO-ee,"Beth = what, wnest ti = did you do, ddoe = yesterday",Informal way to ask what someone did yesterday.,Beth wnest ti ddoe? / Beth wnaethoch chi ddoe?,What did you do yesterday? / What did you (plural/formal) do yesterday?
Welsh,A1,1,A1-1-33,"Do, wnes i siopa ddoe.","Yes, I went shopping yesterday.","media/image/Do, wnes i siopa ddoe..png","media/audio/Do, wnes i siopa ddoe..m4a","Do, wnes i siopa ddoe.",response,"DO, ness ee SHOP-ah THO-ee","Do = yes (I did), wnes i = I did, siopa = shopping, ddoe = yesterday",Affirmative answer to a past tense question.,"Do, wnes i siopa ddoe. / Do, wnes i siopa’r bore ddoe.","Yes, I went shopping yesterday / Yes, I went shopping yesterday morning"
Welsh,A1,1,A1-1-34,"Naddo, wnes i ddim siopa ddoe.","No, I did not go shopping yesterday.","media/image/Naddo, wnes i ddim siopa ddoe..png","media/audio/Naddo, wnes i ddim siopa ddoe..m4a","Naddo, wnes i ddim siopa ddoe.",response,"NADH-oh, ness ee thim SHOP-ah THO-ee","Naddo = no (I did not), wnes i ddim = I did not, siopa = shopping, ddoe = yesterday",Negative answer to a past tense question.,"Naddo, wnes i ddim siopa ddoe. / Naddo, wnes i ddim siopa’r bore ddoe.","No, I did not go shopping yesterday / No, I did not go shopping yesterday morning"
Welsh,A1,1,A1-1-35,Wnaethoch chi siopa ddoe?,Did you (plural/formal) go shopping yesterday?,media/image/Wnaethoch chi siopa ddoe?.png,media/audio/Wnaethoch chi siopa ddoe?.m4a,Wnaethoch chi siopa ddoe?,question,OO-nay-thokh khee SHOP-ah THO-ee,"Wnaethoch chi = did you (plural/formal), siopa = shopping, ddoe = yesterday",Formal or plural way to ask if someone went shopping yesterday.,Wnaethoch chi siopa ddoe? / Wnest ti siopa ddoe?,Did you go shopping yesterday? (plural/formal) / Did you go shopping yesterday? (informal)
Welsh,A1,1,A1-1-36,"Do, wnaethon ni siopa ddoe.","Yes, we went shopping yesterday.","media/image/Do, wnaethon ni siopa ddoe..png","media/audio/Do, wnaethon ni siopa ddoe..m4a","Do, wnaethon ni siopa ddoe.",response,"DO, OO-nay-thon nee SHOP-ah THO-ee","Do = yes (we did), wnaethon ni = we did, siopa = shopping, ddoe = yesterday",Affirmative answer to a past tense question.,"Do, wnaethon ni siopa ddoe. / Do, wnaethon ni siopa’r bore ddoe.","Yes, we went shopping yesterday / Yes, we went shopping yesterday morning"
Welsh,A1,1,A1-1-37,"Naddo, wnaethon ni ddim siopa ddoe.","No, we did not go shopping yesterday.","media/image/Naddo, wnaethon ni ddim siopa ddoe..png","media/audio/Naddo, wnaethon ni ddim siopa ddoe..m4a","Naddo, wnaethon ni ddim siopa ddoe.",response,"NADH-oh, OO-nay-thon nee thim SHOP-ah THO-ee","Naddo = no (we did not), wnaethon ni ddim = we did not, siopa = shopping, ddoe = yesterday",Negative answer to a past tense question.,"Naddo, wnaethon ni ddim siopa ddoe. / Naddo, wnaethon ni ddim siopa’r bore ddoe.","No, we did not go shopping yesterday / No, we did not go shopping yesterday morning"
Welsh,A1,1,A1-1-38,Prynon ni fara.,We bought bread.,media/image/Prynon ni fara..png,media/audio/Prynon ni fara..m4a,Prynon ni fara.,statement,PRUH-non nee VAH-rah,"Prynon ni = we bought, fara = bread",Used to state what was purchased in the past tense.,Prynon ni fara. / Prynodd e fara.,We bought bread / He bought bread
Welsh,A1,1,A1-1-39,Prynodd e fara.,He bought bread.,media/image/Prynodd e fara..png,media/audio/Prynodd e fara..m4a,Prynodd e fara.,statement,PRUH-noth eh VAH-rah,"Prynodd e = he bought, fara = bread",Used to state what he purchased in the past tense.,Prynodd e fara. / Prynon ni fara.,He bought bread / We bought bread
Welsh,A1,1,A1-1-40,Es i i’r dre.,I went to town.,media/image/Es i i’r dre..png,media/audio/Es i i’r dre..m4a,Es i i’r dre.,statement,ESS ee eer dray,"Es i = I went, i’r = to the, dre = town",Used to say you went to town.,Es i i’r dre. / Es i i’r siop.,I went to town / I went to the shop
Welsh,A1,1,A1-1-41,Est ti i’r dre?,Did you go to town? (informal),media/image/Est ti i’r dre?.png,media/audio/Est ti i’r dre?.m4a,Est ti i’r dre?,question,EST tee eer dray,"Est ti = did you go, i’r = to the, dre = town",Informal way to ask if someone went to town.,Est ti i’r dre? / Est ti i’r siop?,Did you go to town? / Did you go to the shop?
Welsh,A1,1,A1-1-42,Es i ddim i’r dre.,I did not go to town.,media/image/Es i ddim i’r dre..png,media/audio/Es i ddim i’r dre..m4a,Es i ddim i’r dre.,statement,ESS ee thim eer dray,"Es i ddim = I did not go, i’r = to the, dre = town",Used to say you didn’t go to town.,Es i ddim i’r dre. / Es i ddim i’r siop.,I did not go to town / I did not go to the shop
Welsh,A1,1,A1-1-43,Ces i tost i frecwast.,I had toast for breakfast.,media/image/Ces i tost i frecwast..png,media/audio/Ces i tost i frecwast..m4a,Ces i tost i frecwast.,statement,KESS ee tost ee VREK-wast,"Ces i = I had, tost = toast, i = for, brecwast = breakfast",Used to say what you had for breakfast.,Ces i tost i frecwast. / Ces i de i frecwast.,I had toast for breakfast / I had tea for breakfast
Welsh,A1,1,A1-1-44,Gest ti baned?,Did you have a cup of tea? (informal),media/image/Gest ti baned?.png,media/audio/Gest ti baned?.m4a,Gest ti baned?,question,GEST tee BAN-ed,"Gest ti = did you have, baned = a cup (usually of tea)",Informal way to ask if someone had a cup of tea.,Gest ti baned? / Gest ti de?,Did you have a cup of tea? / Did you have tea?
Welsh,A1,1,A1-1-45,Ches i ddim baned.,I did not have a cup of tea.,media/image/Ches i ddim baned..png,media/audio/Ches i ddim baned..m4a,Ches i ddim baned.,statement,CHESS ee thim BAN-ed,"Ches i ddim = I did not have, baned = a cup (usually of tea)",Used to say you didn’t have a cup of tea.,Ches i ddim baned. / Ches i ddim de.,I did not have a cup of tea / I did not have tea
Welsh,A1,1,A1-1-46,Sut mae’r tywydd heddiw?,How is the weather today?,media/image/Sut mae’r tywydd heddiw?.png,media/audio/Sut mae’r tywydd heddiw?.m4a,Sut mae’r tywydd heddiw?,question,SIT myrr TUH-with HED-ee-oo,"Sut = how, mae’r = is the, tywydd = weather, heddiw = today",Common question to ask about today’s weather.,Sut mae’r tywydd heddiw? / Sut mae’r tywydd yfory?,How is the weather today? / How is the weather tomorrow?
Welsh,A1,1,A1-1-47,Mae hi’n braf heddiw.,It is nice today.,media/image/Mae hi’n braf heddiw..png,media/audio/Mae hi’n braf heddiw..m4a,Mae hi’n braf heddiw.,statement,MYE heen BRAV HED-ee-oo,"Mae hi’n = it is, braf = fine/nice, heddiw = today",Used to describe good weather today.,Mae hi’n braf heddiw. / Mae hi’n heulog heddiw.,It is nice today / It is sunny today
Welsh,A1,1,A1-1-48,Oedd hi’n braf ddoe?,Was it nice yesterday?,media/image/Oedd hi’n braf ddoe?.png,media/audio/Oedd hi’n braf ddoe?.m4a,Oedd hi’n braf ddoe?,question,OYTH heen BRAV THO-ee,"Oedd hi’n = was it, braf = fine/nice, ddoe = yesterday",Used to ask about weather yesterday.,Oedd hi’n braf ddoe? / Oedd hi’n heulog ddoe?,Was it nice yesterday? / Was it sunny yesterday?
Welsh,A1,1,A1-1-49,Roedd hi’n braf ddoe.,It was nice yesterday.,media/image/Roedd hi’n braf ddoe..png,media/audio/Roedd hi’n braf ddoe..m4a,Roedd hi’n braf ddoe.,statement,ROYTH heen BRAV THO-ee,"Roedd hi’n = it was, braf = fine/nice, ddoe = yesterday",Used to describe good weather yesterday.,Roedd hi’n braf ddoe. / Roedd hi’n heulog ddoe.,It was nice yesterday / It was sunny yesterday
Welsh,A1,1,A1-1-50,Doedd hi ddim yn braf ddoe.,It was not nice yesterday.,media/image/Doedd hi ddim yn braf ddoe..png,media/audio/Doedd hi ddim yn braf ddoe..m4a,Doedd hi ddim yn braf ddoe.,statement,DOYTH hee thim un BRAV THO-ee,"Doedd hi ddim = it was not, yn = (linking particle), braf = fine/nice, ddoe = yesterday",Used to describe poor weather yesterday.,Doedd hi ddim yn braf ddoe. / Doedd hi ddim yn heulog ddoe.,It was not nice yesterday / It was not sunny yesterday
Welsh,A1,1,A1-1-51,Mae e’n gallu gyrru.,He can drive.,media/image/Mae e’n gallu gyrru..png,media/audio/Mae e’n gallu gyrru..m4a,Mae e’n gallu gyrru.,statement,MYE en GAHL-ee GUR-ee,"Mae e’n = he is, gallu = able/can, gyrru = to drive",Used to say that he can drive.,Mae e’n gallu gyrru. / Mae e’n gallu darllen.,He can drive / He can read
Welsh,A1,1,A1-1-52,Maen nhw’n gallu darllen.,They can read.,media/image/Maen nhw’n gallu darllen..png,media/audio/Maen nhw’n gallu darllen..m4a,Maen nhw’n gallu darllen.,statement,MINE nhw’n GAH-lee DAR-len,"Maen nhw’n = they are, gallu = able/can, darllen = to read",Used to say that they can read.,Maen nhw’n gallu darllen. / Maen nhw’n gallu gyrru.,They can read / They can drive
Welsh,A1,1,A1-1-53,Siân yw hi.,She is Siân.,media/image/Siân yw hi..png,media/audio/Siân yw hi..m4a,Siân yw hi.,statement,SHARN yoo hee,"Siân = Siân (name), yw = is, hi = she",Used to introduce or identify a female person.,Siân yw hi. / Mari yw hi.,She is Siân / She is Mari
Welsh,A1,1,A1-1-54,Ydy hi’n dda?,Is she/it good?,media/image/Ydy hi’n dda?.png,media/audio/Ydy hi’n dda?.m4a,Ydy hi’n dda?,question,UD-ee heen thah,"Ydy = is (it/she), hi’n = she/it is, dda = good (soft mutation of da)",Used to ask if something or someone is good.,Ydy hi’n dda? / Ydy hi’n wych?,Is it good? / Is it great?
Welsh,A1,1,A1-1-55,"Ydy, mae hi’n dda.","Yes, she/it is good.","media/image/Ydy, mae hi’n dda..png","media/audio/Ydy, mae hi’n dda..m4a","Ydy, mae hi’n dda.",response,"UD-ee, MYE heen thah","Ydy = yes (it/she is), mae hi’n = it/she is, dda = good (soft mutation of da)",Affirmative answer to a question about quality.,"Ydy, mae hi’n dda. / Ydy, mae hi’n wych.","Yes, it is good / Yes, it is great"
Welsh,A1,1,A1-1-56,"Nac ydy, dyw hi ddim yn dda.","No, it is not good.","media/image/Nac ydy, dyw hi ddim yn dda..png","media/audio/Nac ydy, dyw hi ddim yn dda..m4a","Nac ydy, dyw hi ddim yn dda.",response,"NAHK ud-ee, DYOO hee thim un thah","Nac ydy = no (it is not), dyw hi ddim = it is not, yn dda = good",Negative answer about quality.,"Nac ydy, dyw hi ddim yn dda. / Nac ydy, dyw hi ddim yn wych.","No, it is not good / No, it is not great"
Welsh,A1,1,A1-1-57,Ydyn nhw’n dda?,Are they good?,media/image/Ydyn nhw’n dda?.png,media/audio/Ydyn nhw’n dda?.m4a,Ydyn nhw’n dda?,question,UD-in nhw’n thah,"Ydyn nhw’n = are they, dda = good (soft mutation of da)",Used to ask if a group is good.,Ydyn nhw’n dda? / Ydyn nhw’n wych?,Are they good? / Are they great?
Welsh,A1,1,A1-1-58,"Ydyn, maen nhw’n dda.","Yes, they are good.","media/image/Ydyn, maen nhw’n dda..png","media/audio/Ydyn, maen nhw’n dda..m4a","Ydyn, maen nhw’n dda.",response,"UD-in, MINE nhw’n thah","Ydyn = yes (they are), maen nhw’n = they are, dda = good",Affirmative answer about a group’s quality.,"Ydyn, maen nhw’n dda. / Ydyn, maen nhw’n wych.","Yes, they are good / Yes, they are great"
Welsh,A1,1,A1-1-59,"Nac ydyn, ’dyn nhw ddim yn dda.","No, they are not good.","media/image/Nac ydyn, ’dyn nhw ddim yn dda..png","media/audio/Nac ydyn, ’dyn nhw ddim yn dda..m4a","Nac ydyn, ’dyn nhw ddim yn dda.",response,"NAHK UD-in, ’din nhw thim un thah","Nac ydyn = no (they are not), ’dyn nhw ddim = they are not, yn dda = good",Negative answer about a group’s quality.,"Nac ydyn, ’dyn nhw ddim yn dda. / Nac ydyn, ’dyn nhw ddim yn wych.","No, they are not good / No, they are not great"
Welsh,A1,1,A1-1-60,Gaf i baned?,May I have a cup of tea?,media/image/Gaf i baned?.png,media/audio/Gaf i baned?.m4a,Gaf i baned?,question,GAV ee BAN-ed,"Gaf i = may I have, baned = a cup (usually of tea)",Polite request for a cup of tea.,Gaf i baned? / Gaf i de?,May I have a cup of tea? / May I have tea?
Welsh,A1,1,A1-1-61,Cei baned.,You may have a cup of tea. (informal),media/image/Cei baned..png,media/audio/Cei baned..m4a,Cei baned.,response,KAY BAN-ed,"Cei = you may (informal), baned = a cup (usually of tea)",Informal way to give permission.,Cei baned. / Cei de.,You may have a cup of tea / You may have tea
Welsh,A1,1,A1-1-62,Na chei baned.,You may not have a cup of tea. (informal),media/image/Na chei baned..png,media/audio/Na chei baned..m4a,Na chei baned.,response,NA KHAY BAN-ed,"Na chei = you may not (informal), baned = a cup (usually of tea)",Informal way to refuse permission.,Na chei baned. / Na chei de.,You may not have a cup of tea / You may not have tea
Welsh,A1,1,A1-1-63,Cewch baned.,You may have a cup of tea. (formal/plural),media/image/Cewch baned..png,media/audio/Cewch baned..m4a,Cewch baned.,response,KEH-ookh BAN-ed,"Cewch = you may (formal/plural), baned = a cup (usually of tea)",Formal or polite way to give permission.,Cewch baned. / Cewch de.,You may have a cup of tea / You may have tea
Welsh,A1,1,A1-1-64,Na chewch baned.,You may not have a cup of tea. (formal/plural),media/image/Na chewch baned..png,media/audio/Na chewch baned..m4a,Na chewch baned.,response,NA KHEH-ookh BAN-ed,"Na chewch = you may not (formal/plural), baned = a cup (usually of tea)",Formal or polite way to refuse permission.,Na chewch baned. / Na chewch de.,You may not have a cup of tea / You may not have tea
Welsh,A1,1,A1-1-65,Dw i’n gweithio yn y coleg.,I work in the college.,media/image/Dw i’n gweithio yn y coleg..png,media/audio/Dw i’n gweithio yn y coleg..m4a,Dw i’n gweithio yn y coleg.,statement,DOO een GWUR-thyo un uh KOLL-eg,"Dw i’n = I am, gweithio = working, yn y = in the, coleg = college",Used to state where you work.,Dw i’n gweithio yn y coleg. / Dw i’n gweithio mewn coleg.,I work in the college / I work in a college
Welsh,A1,1,A1-1-66,Dw i’n gweithio mewn coleg.,I work in a college.,media/image/Dw i’n gweithio mewn coleg..png,media/audio/Dw i’n gweithio mewn coleg..m4a,Dw i’n gweithio mewn coleg.,statement,DOO een GWUR-thyo MEWN KOLL-eg,"Dw i’n = I am, gweithio = working, mewn = in a, coleg = college",Used to state that you work in a college without specifying which.,Dw i’n gweithio mewn coleg. / Dw i’n gweithio yn y coleg.,I work in a college / I work in the college
Welsh,A1,1,A1-1-67,Mae car gyda fi.,I have a car.,media/image/Mae car gyda fi..png,media/audio/Mae car gyda fi..m4a,Mae car gyda fi.,statement,MYE kar GUTH-ah vee,"Mae = there is, car = car, gyda fi = with me (I have)",Used to say you own or have a car.,Mae car gyda fi. / Mae tŷ gyda fi.,I have a car / I have a house
Welsh,A1,1,A1-1-68,Oes car gyda ti?,Do you have a car? (informal),media/image/Oes car gyda ti?.png,media/audio/Oes car gyda ti?.m4a,Oes car gyda ti?,question,OYS kar GUTH-ah tee,"Oes = is there/do you have, car = car, gyda ti = with you (informal)",Informal way to ask if someone has a car.,Oes car gyda ti? / Oes tŷ gyda ti?,Do you have a car? / Do you have a house?
Welsh,A1,1,A1-1-69,Does dim car gyda fi.,I do not have a car.,media/image/Does dim car gyda fi..png,media/audio/Does dim car gyda fi..m4a,Does dim car gyda fi.,statement,DOYS dim kar GUTH-ah vee,"Does dim = there is not, car = car, gyda fi = with me",Used to say you do not have a car.,Does dim car gyda fi. / Does dim tŷ gyda fi.,I do not have a car / I do not have a house
Welsh,A1,1,A1-1-70,Roedd pen tost gyda fi.,I had a headache.,media/image/Roedd pen tost gyda fi..png,media/audio/Roedd pen tost gyda fi..m4a,Roedd pen tost gyda fi.,statement,ROYTH pen tost GUTH-ah vee,"Roedd = there was/I had, pen = head, tost = sore, gyda fi = with me",Used to say you had a headache.,Roedd pen tost gyda fi. / Roedd stumog tost gyda fi.,I had a headache / I had a stomach ache
Welsh,A1,1,A1-1-71,Roedd annwyd arna i.,I had a cold.,media/image/Roedd annwyd arna i..png,media/audio/Roedd annwyd arna i..m4a,Roedd annwyd arna i.,statement,ROYTH ANN-oo-id AR-nah ee,"Roedd = there was/I had, annwyd = cold (illness), arna i = on me",Used to say you had a cold.,Roedd annwyd arna i. / Roedd peswch arna i.,I had a cold / I had a cough
Welsh,A1,1,A1-1-72,Ro’n i’n byw yn Abertawe.,I used to live in Swansea.,media/image/Ro’n i’n byw yn Abertawe..png,media/audio/Ro’n i’n byw yn Abertawe..m4a,Ro’n i’n byw yn Abertawe.,statement,ROHN een bih-oo un AH-ber-tah-weh,"Ro’n i’n = I was/I used to be, byw = live, yn = in, Abertawe = Swansea",Used to talk about where you lived in the past.,Ro’n i’n byw yn Abertawe. / Ro’n i’n byw yn Llanelli.,I used to live in Swansea / I used to live in Llanelli
Welsh,A1,1,A1-1-73,Ro’t ti’n gweithio yn y coleg.,You used to work in the college. (informal),media/image/Ro’t ti’n gweithio yn y coleg..png,media/audio/Ro’t ti’n gweithio yn y coleg..m4a,Ro’t ti’n gweithio yn y coleg.,statement,ROHT tee’n GWUR-thyo un uh KOLL-eg,"Ro’t ti’n = you were/you used to, gweithio = work, yn y = in the, coleg = college",Informal way to say someone used to work in the college.,Ro’t ti’n gweithio yn y coleg. / Ro’t ti’n gweithio mewn coleg.,You used to work in the college / You used to work in a college
Welsh,A1,1,A1-1-74,Dw i wedi blino.,I am tired.,media/image/Dw i wedi blino..png,media/audio/Dw i wedi blino..m4a,Dw i wedi blino.,statement,DOO ee WEH-dee BLEE-noh,"Dw i wedi = I have, blino = tired",Used to say you are tired.,Dw i wedi blino. / Dw i wedi blino’n lân.,I am tired / I am completely tired
Welsh,A1,1,A1-1-75,Faint o’r gloch yw hi?,What time is it?,media/image/Faint o’r gloch yw hi?.png,media/audio/Faint o’r gloch yw hi?.m4a,Faint o’r gloch yw hi?,question,VINE tohr glock yoo hee,"Faint o’r gloch = what time (of the clock), yw hi = is it",Used to ask for the time.,Faint o’r gloch yw hi? / Faint o’r gloch yw e?,What time is it? / What time is it? (masc.)
Welsh,A1,1,A1-1-76,Faint yw pris y petrol?,What is the price of petrol?,media/image/Faint yw pris y petrol?.png,media/audio/Faint yw pris y petrol?.m4a,Faint yw pris y petrol?,question,VINE yoo prees uh PET-rol,"Faint = how much/what, yw = is, pris = price, y petrol = the petrol",Used to ask how much petrol costs.,Faint yw pris y petrol? / Faint yw pris y bara?,What is the price of petrol? / What is the price of bread?
Welsh,A1,1,A1-1-77,Bydd hi’n braf yfory.,It will be nice tomorrow.,media/image/Bydd hi’n braf yfory..png,media/audio/Bydd hi’n braf yfory..m4a,Bydd hi’n braf yfory.,statement,BITH heen BRAV uh-VO-ree,"Bydd hi’n = it will be, braf = fine/nice, yfory = tomorrow",Used to describe good weather tomorrow.,Bydd hi’n braf yfory. / Bydd hi’n heulog yfory.,It will be nice tomorrow / It will be sunny tomorrow
Welsh,A1,1,A1-1-78,Fydd hi’n braf yfory?,Will it be nice tomorrow?,media/image/Fydd hi’n braf yfory?.png,media/audio/Fydd hi’n braf yfory?.m4a,Fydd hi’n braf yfory?,question,VITH heen BRAV uh-VO-ree,"Fydd hi’n = will it be, braf = fine/nice, yfory = tomorrow",Used to ask about the weather tomorrow.,Fydd hi’n braf yfory? / Fydd hi’n heulog yfory?,Will it be nice tomorrow? / Will it be sunny tomorrow?
Welsh,A1,1,A1-1-79,Fydd hi ddim yn braf yfory.,It will not be nice tomorrow.,media/image/Fydd hi ddim yn braf yfory..png,media/audio/Fydd hi ddim yn braf yfory..m4a,Fydd hi ddim yn braf yfory.,statement,VITH hee thim un BRAV uh-VO-ree,"Fydd hi ddim = it will not, yn braf = nice, yfory = tomorrow",Used to describe poor weather tomorrow.,Fydd hi ddim yn braf yfory. / Fydd hi ddim yn heulog yfory.,It will not be nice tomorrow / It will not be sunny tomorrow
Welsh,A1,1,A1-1-80,Bydda i’n gweithio yfory.,I will be working tomorrow.,media/image/Bydda i’n gweithio yfory..png,media/audio/Bydda i’n gweithio yfory..m4a,Bydda i’n gweithio yfory.,statement,BUTH-ah een GWUR-thyo uh-VO-ree,"Bydda i’n = I will be, gweithio = working, yfory = tomorrow",Used to say you will be working the next day.,Bydda i’n gweithio yfory. / Bydda i’n mynd yfory.,I will be working tomorrow / I will be going tomorrow
Welsh,A1,1,A1-1-81,Byddwn ni’n mynd yfory.,We will be going tomorrow.,media/image/Byddwn ni’n mynd yfory..png,media/audio/Byddwn ni’n mynd yfory..m4a,Byddwn ni’n mynd yfory.,statement,BUTH-oon nee’n MIND uh-VO-ree,"Byddwn ni’n = we will be, mynd = going, yfory = tomorrow",Used to say your group will be going somewhere the next day.,Byddwn ni’n mynd yfory. / Byddwn ni’n gweithio yfory.,We will be going tomorrow / We will be working tomorrow
Welsh,A1,1,A1-1-82,Byddan nhw’n dod yfory.,They will be coming tomorrow.,media/image/Byddan nhw’n dod yfory..png,media/audio/Byddan nhw’n dod yfory..m4a,Byddan nhw’n dod yfory.,statement,BUTH-an nhw’n DOD uh-VO-ree,"Byddan nhw’n = they will be, dod = coming, yfory = tomorrow",Used to say that others will be coming the next day.,Byddan nhw’n dod yfory. / Byddan nhw’n mynd yfory.,They will be coming tomorrow / They will be going tomorrow
Welsh,A1,1,A1-1-83,Fyddi di’n dod yfory?,Will you be coming tomorrow? (informal),media/image/Fyddi di’n dod yfory?.png,media/audio/Fyddi di’n dod yfory?.m4a,Fyddi di’n dod yfory?,question,VITH-ee dee’n DOD uh-VO-ree,"Fyddi di’n = will you be, dod = coming, yfory = tomorrow",Informal way to ask if someone will be coming the next day.,Fyddi di’n dod yfory? / Fyddi di’n mynd yfory?,Will you be coming tomorrow? / Will you be going tomorrow?
Welsh,A1,1,A1-1-84,"Bydda, dw i’n dod yfory.","Yes, I will be coming tomorrow.","media/image/Bydda, dw i’n dod yfory..png","media/audio/Bydda, dw i’n dod yfory..m4a","Bydda, dw i’n dod yfory.",response,"BUTH-ah, DOO een DOD uh-VO-ree","Bydda = yes (I will), dw i’n = I am, dod = coming, yfory = tomorrow",Affirmative answer to a future tense question.,"Bydda, dw i’n dod yfory. / Bydda, dw i’n mynd yfory.","Yes, I will be coming tomorrow / Yes, I will be going tomorrow"
Welsh,A1,1,A1-1-85,"Na fydda, dw i ddim yn dod yfory.","No, I will not be coming tomorrow.","media/image/Na fydda, dw i ddim yn dod yfory..png","media/audio/Na fydda, dw i ddim yn dod yfory..m4a","Na fydda, dw i ddim yn dod yfory.",response,"NA VUTH-ah, DOO ee thim un DOD uh-VO-ree","Na fydda = no (I will not), dw i ddim = I am not, yn dod = coming, yfory = tomorrow",Negative answer to a future tense question.,"Na fydda, dw i ddim yn dod yfory. / Na fydda, dw i ddim yn mynd yfory.","No, I will not be coming tomorrow / No, I will not be going tomorrow"
Welsh,A1,1,A1-1-86,Fyddwch chi’n dod yfory?,Will you be coming tomorrow? (formal/plural),media/image/Fyddwch chi’n dod yfory?.png,media/audio/Fyddwch chi’n dod yfory?.m4a,Fyddwch chi’n dod yfory?,question,VITH-ookh kheen DOD uh-VO-ree,"Fyddwch chi’n = will you be (formal/plural), dod = coming, yfory = tomorrow",Formal or plural way to ask if someone will be coming the next day.,Fyddwch chi’n dod yfory? / Fyddwch chi’n mynd yfory?,Will you be coming tomorrow? / Will you be going tomorrow?
Welsh,A1,1,A1-1-87,"Byddwn, ’dyn ni’n dod yfory.","Yes, we will be coming tomorrow.","media/image/Byddwn, ’dyn ni’n dod yfory..png","media/audio/Byddwn, ’dyn ni’n dod yfory..m4a","Byddwn, ’dyn ni’n dod yfory.",response,"BUTH-oon, ’din nee’n DOD uh-VO-ree","Byddwn = yes (we will), ’dyn ni’n = we are, dod = coming, yfory = tomorrow",Affirmative answer to a future tense question.,"Byddwn, ’dyn ni’n dod yfory. / Byddwn, ’dyn ni’n mynd yfory.","Yes, we will be coming tomorrow / Yes, we will be going tomorrow"
Welsh,A1,1,A1-1-88,"Na fyddwn, ’dyn ni ddim yn dod yfory.","No, we will not be coming tomorrow.","media/image/Na fyddwn, ’dyn ni ddim yn dod yfory..png","media/audio/Na fyddwn, ’dyn ni ddim yn dod yfory..m4a","Na fyddwn, ’dyn ni ddim yn dod yfory.",response,"NA BUTH-oon, ’din nee thim un DOD uh-VO-ree","Na fyddwn = no (we will not), ’dyn ni ddim = we are not, yn dod = coming, yfory = tomorrow",Negative answer to a future tense question.,"Na fyddwn, ’dyn ni ddim yn dod yfory. / Na fyddwn, ’dyn ni ddim yn mynd yfory.","No, we will not be coming tomorrow / No, we will not be going tomorrow"
Welsh,A1,1,A1-1-89,Dewch yma!,Come here! (formal/plural),media/image/Dewch yma!.png,media/audio/Dewch yma!.m4a,Dewch yma!,command,DEH-ookh UHM-ah,"Dewch = come (formal/plural), yma = here",Formal or plural way to tell people to come here.,Dewch yma! / Dewch i mewn!,Come here! / Come in!
Welsh,A1,1,A1-1-90,Codwch nawr!,Get up now! (formal/plural),media/image/Codwch nawr!.png,media/audio/Codwch nawr!.m4a,Codwch nawr!,command,KOD-ookh NOWR,"Codwch = get up (formal/plural), nawr = now",Formal or plural command to stand or get up.,Codwch nawr! / Codwch yn araf.,Get up now! / Get up slowly.
Welsh,A1,1,A1-1-91,Gwnewch ymarfer!,Do the exercise! (formal/plural),media/image/Gwnewch ymarfer!.png,media/audio/Gwnewch ymarfer!.m4a,Gwnewch ymarfer!,command,GNEWKH uh-MAR-ver,"Gwnewch = do (formal/plural), ymarfer = exercise",Formal or plural command to complete an exercise.,Gwnewch ymarfer! / Gwnewch waith cartref.,Do the exercise! / Do homework.
Welsh,A1,1,A1-1-92,Coda nawr!,Get up now! (informal),media/image/Coda nawr!.png,media/audio/Coda nawr!.m4a,Coda nawr!,command,KOD-ah NOWR,"Coda = get up (informal), nawr = now",Informal command to stand or get up.,Coda nawr! / Coda’n araf.,Get up now! / Get up slowly.
Welsh,A1,1,A1-1-93,Dere yma!,Come here! (informal),media/image/Dere yma!.png,media/audio/Dere yma!.m4a,Dere yma!,command,DEH-reh UHM-ah,"Dere = come (informal), yma = here",Informal way to tell someone to come here.,Dere yma! / Dere i mewn!,Come here! / Come in!
Welsh,A1,1,A1-1-94,Gwna gwaith!,Do work! (informal),media/image/Gwna gwaith!.png,media/audio/Gwna gwaith!.m4a,Gwna gwaith!,command,GWAH-na GWYTH,"Gwna = do (informal), gwaith = work",Informal command to do work.,Gwna gwaith! / Gwna waith cartref.,Do work! / Do homework.
Welsh,A1,1,A1-1-95,Rhaid i fi gyrru nawr.,I must drive now.,media/image/Rhaid i fi gyrru nawr..png,media/audio/Rhaid i fi gyrru nawr..m4a,Rhaid i fi gyrru nawr.,statement,RHYDE ee vee GUR-ee NOWR,"Rhaid i fi = I must, gyrru = drive, nawr = now",Used to say you must drive immediately.,Rhaid i fi gyrru nawr. / Rhaid i fi weithio nawr.,I must drive now / I must work now
Welsh,A1,1,A1-1-96,Oes rhaid i ti ddysgu heddiw?,Do you have to study today?,media/image/Oes rhaid i ti ddysgu heddiw.png,media/audio/Oes rhaid i ti ddysgu heddiw.m4a,Oes rhaid i ti ddysgu heddiw?,question,OYS RHIDE ee tee THUHS-gee HETH-dee-oo,"Oes rhaid i ti = must you / do you have to, ddysgu = study, heddiw = today",Used to ask if someone is obliged to study today.,Oes rhaid i ti ddysgu heddiw? / Oes rhaid i ti weithio heddiw?,Do you have to study today? / Do you have to work today?
Welsh,A1,1,A1-1-97,Does dim rhaid i fi stopio.,I don’t have to stop.,media/image/Does dim rhaid i fi stopio.png,media/audio/Does dim rhaid i fi stopio.m4a,Does dim rhaid i fi stopio.,statement,DOYSS dim RHIDE ee vee STOP-yoh,"Does dim rhaid i fi = I do not have to, stopio = stop",Used to say there is no need to stop.,Does dim rhaid i fi stopio / Does dim rhaid i fi fynd.,I don’t have to stop / I don’t have to go.
Welsh,A1,1,A1-1-98,Rhaid i fi beidio gyrru.,I must not drive.,media/image/Rhaid i fi beidio gyrru.png,media/audio/Rhaid i fi beidio gyrru.m4a,Rhaid i fi beidio gyrru.,statement,RHIDE ee vee BAY-dee-oh GUR-ee,"Rhaid i fi = I must, beidio = not, gyrru = drive",Used to say you must refrain from driving.,Rhaid i fi beidio gyrru / Rhaid i fi beidio siarad.,I must not drive / I must not speak.
Welsh,A1,1,A1-1-99,"Ar ôl i fi fynd i’r dosbarth, dw i’n darllen.","After I go to the class, I read.","media/image/Ar ôl i fi fynd i’r dosbarth, dw i’n darllen.png","media/audio/Ar ôl i fi fynd i’r dosbarth, dw i’n darllen.m4a","Ar ôl i fi fynd i’r dosbarth, dw i’n darllen.",statement,"Ar OHL ee vee VIND eer DOSS-barth, doo een DAR-hlen","Ar ôl = after, i fi = I, fynd = go, i’r dosbarth = to the class, dw i’n darllen = I read",Used to describe what you do after going to class.,"Ar ôl i fi fynd i’r dosbarth, dw i’n darllen / Ar ôl i fi fynd i’r siop, dw i’n prynu coffi.","After I go to the class, I read / After I go to the shop, I buy coffee."
Welsh,A1,1,A1-1-100,"Cyn i fi fynd i’r dosbarth, dw i’n gyrru i’r coleg.","Before I go to the class, I drive to the college.","media/image/Cyn i fi fynd i’r dosbarth, dw i’n gyrru i’r coleg.png","media/audio/Cyn i fi fynd i’r dosbarth, dw i’n gyrru i’r coleg.m4a","Cyn i fi fynd i’r dosbarth, dw i’n gyrru i’r coleg.",statement,"KIN ee vee VIND eer DOSS-barth, doo een GUR-ee eer KOL-eg","Cyn = before, i fi = I, fynd = go, i’r dosbarth = to the class, dw i’n gyrru = I drive, i’r coleg = to the college",Used to describe what you do before going to class.,"Cyn i fi fynd i’r dosbarth, dw i’n gyrru i’r coleg / Cyn i fi fynd i’r siop, dw i’n cael brecwast.","Before I go to the class, I drive to the college / Before I go to the shop, I have breakfast."
Welsh,A1,1,A1-1-101,Mae coffi yn y caffi.,There is coffee in the café.,media/image/Mae coffi yn y caffi.png,media/audio/Mae coffi yn y caffi.m4a,Mae coffi yn y caffi.,statement,MYE KOF-ee un uh KAFF-ee,"Mae = there is, coffi = coffee, yn y = in the, caffi = café",Used to state that coffee is available in the café.,Mae coffi yn y caffi / Mae bara yn y siop.,There is coffee in the café / There is bread in the shop.
Welsh,A1,1,A1-1-102,Oes te yn y caffi?,Is there tea in the café?,media/image/Oes te yn y caffi.png,media/audio/Oes te yn y caffi.m4a,Oes te yn y caffi?,question,OYS TEH un uh KAFF-ee,"Oes = is there, te = tea, yn y = in the, caffi = café",Used to ask if tea is available in the café.,Oes te yn y caffi? / Oes siwgr yn y caffi?,Is there tea in the café? / Is there sugar in the café?
Welsh,A1,1,A1-1-103,Does dim te yn y caffi.,There is no tea in the café.,media/image/Does dim te yn y caffi.png,media/audio/Does dim te yn y caffi.m4a,Does dim te yn y caffi.,statement,DOYSS dim TEH un uh KAFF-ee,"Does dim = there is no, te = tea, yn y = in the, caffi = café",Used to state that tea is not available in the café.,Does dim te yn y caffi / Does dim coffi yn y caffi.,There is no tea in the café / There is no coffee in the café.
Welsh,A1,1,A1-1-104,Mae’r te’n oer.,The tea is cold.,media/image/Mae’r te’n oer.png,media/audio/Mae’r te’n oer.m4a,Mae’r te’n oer.,statement,MYEHR TEHN O-ehr,"Mae’r = the (is), te’n = tea is, oer = cold",Used to say the tea is cold.,Mae’r te’n oer / Mae’r coffi’n oer.,The tea is cold / The coffee is cold.
Welsh,A1,1,A1-1-105,Ydy’r te’n oer?,Is the tea cold?,media/image/Ydy’r te’n oer.png,media/audio/Ydy’r te’n oer.m4a,Ydy’r te’n oer?,question,UHD-eer TEHN O-ehr,"Ydy’r = is the, te’n = tea is, oer = cold",Used to ask if the tea is cold.,Ydy’r te’n oer? / Ydy’r coffi’n oer?,Is the tea cold? / Is the coffee cold?
Welsh,A1,1,A1-1-106,Dyw’r te ddim yn oer.,The tea is not cold.,media/image/Dywr te ddim yn oer.png,media/audio/Dywr te ddim yn oer.m4a,Dyw’r te ddim yn oer.,statement,DYOOR TEH THIM un O-ehr,"Dyw’r = is not (the), te = tea, ddim = not, yn oer = cold",Used to state that the tea is not cold.,Dyw’r te ddim yn oer / Dyw’r coffi ddim yn boeth.,The tea is not cold / The coffee is not hot.
Welsh,A1,1,A1-1-107,Ei gar e yw car gwyrdd.,His car is a green car.,media/image/Ei gar e yw car gwyrdd.png,media/audio/Ei gar e yw car gwyrdd.m4a,Ei gar e yw car gwyrdd.,statement,Ay GAR eh yoo kar GWEERDH,"Ei = his, gar = car, e = he, yw = is, car gwyrdd = green car",Used to describe a male’s car colour.,Ei gar e yw car gwyrdd / Ei dŷ e yw tŷ mawr.,His car is a green car / His house is a big house.
Welsh,A1,1,A1-1-108,Ei char hi yw car coch.,Her car is a red car.,media/image/Ei char hi yw car coch.png,media/audio/Ei char hi yw car coch.m4a,Ei char hi yw car coch.,statement,Ay KHAR hee yoo kar KOHKH,"Ei = her, char = car (mutated), hi = she, yw = is, car coch = red car",Used to describe a female’s car colour.,Ei char hi yw car coch / Ei thŷ hi yw tŷ bach.,Her car is a red car / Her house is a small house.
Welsh,A1,1,A1-1-109,Ein car ni yw car du.,Our car is a black car.,media/image/Ein car ni yw car du.png,media/audio/Ein car ni yw car du.m4a,Ein car ni yw car du.,statement,EIN kar nee yoo kar dee,"Ein = our, car = car, ni = we, yw = is, car du = black car",Used to describe our car colour.,Ein car ni yw car du / Ein tŷ ni yw dŷ mawr.,Our car is a black car / Our house is a big house.
Welsh,A1,1,A1-1-110,Eu car nhw yw car glas.,Their car is a blue car.,media/image/Eu car nhw yw car glas.png,media/audio/Eu car nhw yw car glas.m4a,Eu car nhw yw car glas.,statement,Ay kar noo yoo kar glass,"Eu = their, car = car, nhw = they, yw = is, car glas = blue car",Used to describe someone else’s car colour.,Eu car nhw yw car glas / Eu tŷ nhw yw tŷ bach.,Their car is a blue car / Their house is a small house.
Welsh,A1,1,A1-1-111,Roedd rhaid i fi weithio ddoe.,I had to work yesterday.,media/image/Roedd rhaid i fi weithio ddoe.png,media/audio/Roedd rhaid i fi weithio ddoe.m4a,Roedd rhaid i fi weithio ddoe.,statement,ROITH RHIDE ee vee GWAY-thyo THOEY,"Roedd rhaid i fi = I had to, weithio = work, ddoe = yesterday",Used to state an obligation you had in the past.,Roedd rhaid i fi weithio ddoe / Roedd rhaid i fi aros gartref ddoe.,I had to work yesterday / I had to stay home yesterday.
Welsh,A1,1,A1-1-112,Bydd rhaid i fi weithio yfory.,I will have to work tomorrow.,media/image/Bydd rhaid i fi weithio yfory.png,media/audio/Bydd rhaid i fi weithio yfory.m4a,Bydd rhaid i fi weithio yfory.,statement,BITH RHIDE ee vee GWAY-thyo uh-VOR-ee,"Bydd rhaid i fi = I will have to, weithio = work, yfory = tomorrow",Used to state an obligation you will have in the future.,Bydd rhaid i fi weithio yfory / Bydd rhaid i fi fynd i’r dref yfory.,I will have to work tomorrow / I will have to go to town tomorrow.
